Studio Name,Platform,Detect Date,Game Name,Genre,Last Check TimeAden,iOS,25/06/03,Juicy Factory,Puzzle,25/06/03 14:53:01
Aden,iOS,25/06/03,Match Stackers,Puzzle,25/06/03 14:53:01
Aden,iOS,25/06/03,Aqua Park Craze,Puzzle,25/06/03 14:53:01
Aden,iOS,25/06/03,Woodsy Block,Puzzle,25/06/03 14:53:01
Aden,iOS,25/06/03,Fill and Flow,Puzzle,25/06/03 14:53:01
Aden,iOS,25/06/03,Amusement Park Match,Puzzle,25/06/03 14:53:01
Aden,iOS,25/06/03,Take a Drink,Puzzle,25/06/03 14:53:01
Aden,iOS,25/06/03,Magnet Throw,Puzzle,25/06/03 14:53:01
Aden,iOS,25/06/03,Box Queue,Puzzle,25/06/03 14:53:01
Aden,iOS,25/06/03,Stack & Pack,Puzzle,25/06/03 14:53:01
Aden,iOS,25/06/03,Trash Mania!,Puzzle,25/06/03 14:53:01
Aden,iOS,25/06/03,Water Tangle Jam,Puzzle,25/06/03 14:53:01
Aden,iOS,25/06/03,Fold Tangle,Puzzle,25/06/03 14:53:01
Aden,iOS,25/06/03,Softy GO,Puzzle,25/06/03 14:53:01
Aden,iOS,25/06/03,Knit and Merge,Puzzle,25/06/03 14:53:01
Aden,iOS,25/06/03,Gear Up Car,Casual,25/06/03 14:53:01
Aden,iOS,25/06/03,Money Cut Run,Casual,25/06/03 14:53:01
Aden,iOS,25/06/03,Sorting Coins,Casual,25/06/03 14:53:01
Aden,iOS,25/06/03,City Major,Casual,25/06/03 14:53:01
Aden,iOS,25/06/03,Digi Choice,Casual,25/06/03 14:53:01
Aden,iOS,25/06/03,Draw Bumpers,Casual,25/06/03 14:53:01
Aden,iOS,25/06/03,Coin Cut Clicker,Casual,25/06/03 14:53:01
Aden,iOS,25/06/03,Coffee Merge Clicker!,Casual,25/06/03 14:53:01
Aden,iOS,25/06/03,Dig 'n Craft!,Casual,25/06/03 14:53:01
Aden,iOS,25/06/03,Ropes 'n Blades,Casual,25/06/03 14:53:01
Aden,iOS,25/06/03,DNA Evolve Clicker,Casual,25/06/03 14:53:01
Aden,iOS,25/06/03,Money Math Run,Casual,25/06/03 14:53:01
Aden,iOS,25/06/03,Pop Bumpers,Casual,25/06/03 14:53:01
Aden,iOS,25/06/03,Pokey Digit,Casual,25/06/03 14:53:01
Aden,iOS,25/06/03,Dye Clicker,Casual,25/06/03 14:53:01
Aden,iOS,25/06/03,Untie Shoes,Casual,25/06/03 14:53:01
Aden,iOS,25/06/03,Money Shoot Run,Casual,25/06/03 14:53:01
Aden,iOS,25/06/03,Circle Stack Run,Action,25/06/03 14:53:01
Aden,iOS,25/06/03,Couple Trouble Run,Action,25/06/03 14:53:01
Aden,iOS,25/06/03,Snake Color Balls,Action,25/06/03 14:53:01
Aden,iOS,25/06/03,Shield The Ball,Casual,25/06/03 14:53:01
Aden,iOS,25/06/03,War Tangle,Puzzle,25/06/03 14:53:01
Aden,iOS,25/06/03,Drag to Death,Casual,25/06/03 14:53:01
Aden,iOS,25/06/03,Rope Prank Run!,Casual,25/06/03 14:53:01
Aden,iOS,25/06/03,Size Up Cars!,Casual,25/06/03 14:53:01
Aden,iOS,25/06/03,Rope Demolish Clicker,Casual,25/06/03 14:53:01
Aden,iOS,25/06/03,Melting Clicker ASMR,Simulation,25/06/03 14:53:01
Aden,iOS,25/06/03,Traffic Knot,Casual,25/06/03 14:53:01
Aden,iOS,25/06/03,Villain Run,Action,25/06/03 14:53:01
Aden,iOS,25/06/03,Idle Snake Clicker,Casual,25/06/03 14:53:01
Aden,iOS,25/06/03,Wall of Defense,Action,25/06/03 14:53:01
Aden,iOS,25/06/03,Farm Rush Run,Casual,25/06/03 14:53:01
Aden,iOS,25/06/03,Smasher Run 3D,Action,25/06/03 14:53:01
Aden,iOS,25/06/03,Match&Color Run,Action,25/06/03 14:53:01
Aden,iOS,25/06/03,Colorful Bubble Shot,Action,25/06/03 14:53:01
Aden,iOS,25/06/03,Merge2Fight!,Puzzle,25/06/03 14:53:01
Aden,iOS,25/06/03,Ball Pit Cleaner,Strategy,25/06/03 14:53:01
Aden,iOS,25/06/03,Color Tone Puzzle,Puzzle,25/06/03 14:53:01
Aden,iOS,25/06/03,Fabric Factory Run,Games,25/06/03 14:53:01
Aden,iOS,25/06/03,Run Leveling!,Action,25/06/03 14:53:01
Aden,iOS,25/06/03,Gang leveling,Adventure,25/06/03 14:53:01
Aden,iOS,25/06/03,Dog Training Manager,Simulation,25/06/03 14:53:01
Aden,iOS,25/06/03,Casino Manager Run,Adventure,25/06/03 14:53:01
Aden,iOS,25/06/03,ColorBlobRun,Games,25/06/03 14:53:01
Aden,iOS,25/06/03,Escape The Base,Games,25/06/03 14:53:01
Aden,iOS,25/06/03,Travel2Space,Puzzle,25/06/03 14:53:01
Aden,iOS,25/06/03,Dragon Evolution Run,Games,25/06/03 14:53:01
Aden,iOS,25/06/03,Mining Hero 3D,Games,25/06/03 14:53:01
Aden,iOS,25/06/03,DNA Runner 3D,Games,25/06/03 14:53:01
Aden,iOS,25/06/03,Art of Pearl,Games,25/06/03 14:53:01
Aden,iOS,25/06/03,ASMR Sorting,Games,25/06/03 14:53:01
Aden,iOS,25/06/03,Idle Farmer Runner,Games,25/06/03 14:53:01
Aden,iOS,25/06/03,Defense 3D!,Games,25/06/03 14:53:01
Aden,iOS,25/06/03,Catwalk Queen,Games,25/06/03 14:53:01
Aden,iOS,25/06/03,Rail Wars 3D,Casual,25/06/03 14:53:01
Aden,iOS,25/06/03,Heist Pro,Games,25/06/03 14:53:01
Aden,iOS,25/06/03,Bead Shop,Casual,25/06/03 14:53:01
Aden,iOS,25/06/03,Draw Basket 3D,Sports,25/06/03 14:53:01
Aden,iOS,25/06/03,Mission Stealth,Casual,25/06/03 14:53:01
Aden,iOS,25/06/03,Hook the Car,Casual,25/06/03 14:53:01
Aden,iOS,25/06/03,Rope 3D!,Casual,25/06/03 14:53:01
Aden,iOS,25/06/03,Sculpture 3D!,Casual,25/06/03 14:53:01
Aden,iOS,25/06/03,Big Jump IO,Casual,25/06/03 14:53:01
Aden,iOS,25/06/03,Jump 3D!,Casual,25/06/03 14:53:01
Supersonic,iOS,25/06/03,Unravel Master,Games,25/06/03 14:53:07
Supersonic,iOS,25/06/03,Car Screw Escape,Games,25/06/03 14:53:07
Supersonic,iOS,25/06/03,Hole It 3D,Games,25/06/03 14:53:07
Supersonic,iOS,25/06/03,StickyNote 3D,Simulation,25/06/03 14:53:07
Supersonic,iOS,25/06/03,Screw Master 3D: Pin Puzzle,Games,25/06/03 14:53:07
Supersonic,iOS,25/06/03,Soda Inc: Idle Tycoon,Games,25/06/03 14:53:07
Supersonic,iOS,25/06/03,City Transportation Tycoon,Simulation,25/06/03 14:53:07
Supersonic,iOS,25/06/03,Kingdom Life!,Games,25/06/03 14:53:07
Supersonic,iOS,25/06/03,Sniper Shooter Wild,Action,25/06/03 14:53:07
Supersonic,iOS,25/06/03,Park Match!,Games,25/06/03 14:53:07
Supersonic,iOS,25/06/03,Conquer Countries,Games,25/06/03 14:53:07
Supersonic,iOS,25/06/03,Pick Me Up Idle,Casual,25/06/03 14:53:07
Supersonic,iOS,25/06/03,Super Bazooka Boy,Games,25/06/03 14:53:07
Supersonic,iOS,25/06/03,Rockets Stack,Games,25/06/03 14:53:07
Supersonic,iOS,25/06/03,Backyard Master,Simulation,25/06/03 14:53:07
Supersonic,iOS,25/06/03,Drift ASMR,Games,25/06/03 14:53:07
Supersonic,iOS,25/06/03,Gun Build N Run,Games,25/06/03 14:53:07
Supersonic,iOS,25/06/03,Weapon Survivor,Games,25/06/03 14:53:07
Supersonic,iOS,25/06/03,Bullet Army Run,Games,25/06/03 14:53:07
Supersonic,iOS,25/06/03,GossipMaster,Casual,25/06/03 14:53:07
Supersonic,iOS,25/06/03,Clean Up ASMR,Casual,25/06/03 14:53:07
Supersonic,iOS,25/06/03,Flooring Master!,Simulation,25/06/03 14:53:07
Supersonic,iOS,25/06/03,Color Merge Puzzle,Casual,25/06/03 14:53:07
Supersonic,iOS,25/06/03,Family Life!,Games,25/06/03 14:53:07
Supersonic,iOS,25/06/03,Color Dots!,Puzzle,25/06/03 14:53:07
Supersonic,iOS,25/06/03,Sharpen Knife Run,Games,25/06/03 14:53:07
Supersonic,iOS,25/06/03,Project Salon,Adventure,25/06/03 14:53:07
Supersonic,iOS,25/06/03,Grabber Master,Games,25/06/03 14:53:07
Supersonic,iOS,25/06/03,Autogun Heroes: Alien Shooter,Action,25/06/03 14:53:07
Supersonic,iOS,25/06/03,Match It All!,Games,25/06/03 14:53:07
Supersonic,iOS,25/06/03,Play Colors,Games,25/06/03 14:53:07
Supersonic,iOS,25/06/03,Boat Evolution,Racing,25/06/03 14:53:07
Supersonic,iOS,25/06/03,Click to Life,Games,25/06/03 14:53:07
Supersonic,iOS,25/06/03,Worm Car,Casual,25/06/03 14:53:07
Supersonic,iOS,25/06/03,Histogram: Hexa Puzzle Story,Casual,25/06/03 14:53:07
Supersonic,iOS,25/06/03,Build A Queen,Games,25/06/03 14:53:07
Supersonic,iOS,25/06/03,Hide My Proof,Games,25/06/03 14:53:07
Supersonic,iOS,25/06/03,Camo Sniper,Casual,25/06/03 14:53:07
Supersonic,iOS,25/06/03,Traffic Jam Fever,Casual,25/06/03 14:53:07
Supersonic,iOS,25/06/03,Plane Evolution!,Action,25/06/03 14:53:07
Supersonic,iOS,25/06/03,Auto Diggers,Puzzle,25/06/03 14:53:07
Supersonic,iOS,25/06/03,Slow Mo' Run,Casual,25/06/03 14:53:07
Supersonic,iOS,25/06/03,String Art,Games,25/06/03 14:53:07
Supersonic,iOS,25/06/03,Money Print Fever,Casual,25/06/03 14:53:07
Supersonic,iOS,25/06/03,Bullet Stack Run,Casual,25/06/03 14:53:07
Supersonic,iOS,25/06/03,Fantasy Tree,Games,25/06/03 14:53:07
Supersonic,iOS,25/06/03,Gear Fever,Games,25/06/03 14:53:07
Supersonic,iOS,25/06/03,Laundry Manager!,Games,25/06/03 14:53:07
Supersonic,iOS,25/06/03,DIY Signboards,Simulation,25/06/03 14:53:07
Supersonic,iOS,25/06/03,Merge and Dig,Puzzle,25/06/03 14:53:07
Supersonic,iOS,25/06/03,Car Survival 3D,Racing,25/06/03 14:53:07
Supersonic,iOS,25/06/03,Cat Evolution!,Games,25/06/03 14:53:07
Supersonic,iOS,25/06/03,Get the Supercar 3D,Casual,25/06/03 14:53:07
Supersonic,iOS,25/06/03,Asteroid Miner 3D,Games,25/06/03 14:53:07
Supersonic,iOS,25/06/03,Car Cops,Games,25/06/03 14:53:07
Supersonic,iOS,25/06/03,Multiply or die,Games,25/06/03 14:53:07
Supersonic,iOS,25/06/03,Furniture Test,Casual,25/06/03 14:53:07
Supersonic,iOS,25/06/03,Air Support!,Action,25/06/03 14:53:07
Supersonic,iOS,25/06/03,Car Factory!!,Casual,25/06/03 14:53:07
Supersonic,iOS,25/06/03,Circle the Fish,Casual,25/06/03 14:53:07
Supersonic,iOS,25/06/03,Sticky Darts 3D,Games,25/06/03 14:53:07
Supersonic,iOS,25/06/03,Basket Battle,Games,25/06/03 14:53:07
Supersonic,iOS,25/06/03,Pouring Master 3D,Simulation,25/06/03 14:53:07
Supersonic,iOS,25/06/03,Hyper Hostess,Casual,25/06/03 14:53:07
Supersonic,iOS,25/06/03,Move Animals!,Puzzle,25/06/03 14:53:07
Supersonic,iOS,25/06/03,Guess The Drawing!,Games,25/06/03 14:53:07
Supersonic,iOS,25/06/03,Tall Man Run,Casual,25/06/03 14:53:07
Supersonic,iOS,25/06/03,Snake Crusher,Games,25/06/03 14:53:07
Supersonic,iOS,25/06/03,Become a Queen,Casual,25/06/03 14:53:07
Supersonic,iOS,25/06/03,Trash Tycoon Idle Empire,Casual,25/06/03 14:53:07
Supersonic,iOS,25/06/03,Arm Simulator,Casual,25/06/03 14:53:07
Supersonic,iOS,25/06/03,Perfect Lie,Casual,25/06/03 14:53:07
Supersonic,iOS,25/06/03,Join Numbers,Games,25/06/03 14:53:07
Supersonic,iOS,25/06/03,Telekinesis Quest 3D,Action,25/06/03 14:53:07
Supersonic,iOS,25/06/03,My Mini Mart,Casual,25/06/03 14:53:07
Supersonic,iOS,25/06/03,Demolition Car!,Games,25/06/03 14:53:07
Supersonic,iOS,25/06/03,Park Marks,Games,25/06/03 14:53:07
Supersonic,iOS,25/06/03,First To Life,Games,25/06/03 14:53:07
Supersonic,iOS,25/06/03,Outfit Makeover,Games,25/06/03 14:53:07
Supersonic,iOS,25/06/03,Draw Rumble,Action,25/06/03 14:53:07
Supersonic,iOS,25/06/03,Agent Grapple,Casual,25/06/03 14:53:07
Supersonic,iOS,25/06/03,Grab Master!,Games,25/06/03 14:53:07
Supersonic,iOS,25/06/03,Bottle Flip Clash,Games,25/06/03 14:53:07
Supersonic,iOS,25/06/03,Pro Builder 3D,Games,25/06/03 14:53:07
Supersonic,iOS,25/06/03,Hit perfect 3D,Action,25/06/03 14:53:07
Supersonic,iOS,25/06/03,Take Them Off,Games,25/06/03 14:53:07
Supersonic,iOS,25/06/03,Draw Weapon 3D,Casual,25/06/03 14:53:07
Supersonic,iOS,25/06/03,Coloring Match,Simulation,25/06/03 14:53:07
Supersonic,iOS,25/06/03,Human Vehicle,Games,25/06/03 14:53:07
Supersonic,iOS,25/06/03,Giant Wanted,Casual,25/06/03 14:53:07
Supersonic,iOS,25/06/03,Trapper 3D,Puzzle,25/06/03 14:53:07
Supersonic,iOS,25/06/03,Move People,Simulation,25/06/03 14:53:07
Supersonic,iOS,25/06/03,Down The Hole!,Puzzle,25/06/03 14:53:07
Supersonic,iOS,25/06/03,Elemental Master,Games,25/06/03 14:53:07
Supersonic,iOS,25/06/03,Staple Them All,Games,25/06/03 14:53:07
Supersonic,iOS,25/06/03,Clone Ball,Games,25/06/03 14:53:07
Supersonic,iOS,25/06/03,Cheerleader Run 3D,Games,25/06/03 14:53:07
Supersonic,iOS,25/06/03,Rope-Man Run,Adventure,25/06/03 14:53:07
Supersonic,iOS,25/06/03,Spider King,Games,25/06/03 14:53:07
Aden,iOS,25/06/09,Juicy Factory,Puzzle,25/06/09 16:31:29
